{
  "geral": {
    "total_frames": 3326,
    "timestamp": "2026-01-06T19:59:32.840827"
  },
  "atividades": {
    "desconhecida": 1,
    "parado": 1961,
    "movimento leve": 1147,
    "movimento intenso": 20,
    "movimento moderado": 197
  },
  "emocoes": {
    "rosto_lado": 562,
    "neutro": 234,
    "triste": 200,
    "pensativo": 5,
    "desdém": 364,
    "careta": 340,
    "sorridente": 45,
    "surpreso": 280,
    "angústia": 1,
    "alegre": 2
  },
  "metricas_qualidade": {
    "face_detection_rate": 0.5255562236921226,
    "avg_faces_per_frame": 0.611244738424534,
    "avg_detection_confidence": 0.7617464583037479,
    "avg_face_quality": 0.9099832611337839,
    "avg_face_size": 73927.92572552878,
    "min_face_size": 