{
  "geral": {
    "total_frames": 3326,
    "timestamp": "2026-01-06T21:43:57.803206"
  },
  "atividades": {
    "desconhecida": 1,
    "parado": 1963,
    "movimento leve": 1147,
    "movimento intenso": 20,
    "movimento moderado": 195
  },
  "emocoes": {
    "rosto_lado": 573,
    "neutro": 234,
    "triste": 214,
    "pensativo": 6,
    "careta": 351,
    "sorridente": 41,
    "desdém": 359,
    "alegre": 9,
    "surpreso": 269,
    "angústia": 3
  },
  "metricas_qualidade": {
    "face_detection_rate": 0.5309681298857486,
    "avg_faces_per_frame": 0.6190619362597715,
    "avg_detection_confidence": 0.7581865276484165,
    "avg_face_quality": 0.9075131139295513,
    "avg_face_size": 73662.68382710054
  }
}